1,2022_12_13__144252_852,user,1,0,
2,2022_12_13__153430_135,user,1,0,
3,2022_12_13__154341_848,user,0,1,map_state_2022_12_13__154341_834.ini
4,2022_12_13__154341_857,user,0,1,map_state_2022_12_13__154341_852.ini
5,2022_12_13__154357_587,user,0,1,map_state_2022_12_13__154357_580.ini
6,2022_12_13__154357_595,user,0,1,map_state_2022_12_13__154357_590.ini
7,2022_12_13__154458_241,user,0,1,map_state_2022_12_13__154458_234.ini
8,2022_12_13__154505_611,user,0,1,map_state_2022_12_13__154505_606.ini
9,2022_12_13__154505_621,user,0,1,map_state_2022_12_13__154505_616.ini
10,2022_12_13__154505_630,user,0,1,map_state_2022_12_13__154505_625.ini
11,2022_12_13__154620_574,user,0,1,map_state_2022_12_13__154620_569.ini
12,2022_12_13__154625_320,user,0,1,map_state_2022_12_13__154625_309.ini
13,2022_12_13__154636_069,user,0,1,map_state_2022_12_13__154636_056.ini
14,2022_12_13__154636_078,user,0,1,map_state_2022_12_13__154636_073.ini
15,2022_12_13__154637_742,user,0,1,map_state_2022_12_13__154637_729.ini
16,2022_12_13__154639_937,user,0,1,map_state_2022_12_13__154639_917.ini
17,2022_12_13__155105_919,user,0,1,map_state_2022_12_13__155105_904.ini
18,2022_12_13__155106_777,user,1,0,
19,2022_12_13__155110_395,user,0,1,map_state_2022_12_13__155110_382.ini
20,2022_12_13__155111_844,user,0,1,map_state_2022_12_13__155111_832.ini
21,2022_12_13__155118_251,user,0,1,map_state_2022_12_13__155118_247.ini
22,2022_12_13__155118_923,user,0,1,map_state_2022_12_13__155118_899.ini
23,2022_12_13__155119_533,user,0,1,map_state_2022_12_13__155119_529.ini
24,2022_12_13__155120_080,user,0,1,map_state_2022_12_13__155120_067.ini
25,2022_12_13__160425_351,user,0,1,map_state_2022_12_13__160425_337.ini
26,2022_12_13__160426_289,user,0,1,map_state_2022_12_13__160426_286.ini
27,2022_12_13__160648_270,user,0,1,map_state_2022_12_13__160648_256.ini
28,2022_12_13__160656_376,user,0,1,map_state_2022_12_13__160656_369.ini
29,2022_12_13__161413_894,user,0,1,map_state_2022_12_13__161413_889.ini
30,2022_12_13__161450_732,user,0,1,map_state_2022_12_13__161450_717.ini
31,2022_12_13__161620_850,user,0,1,map_state_2022_12_13__161620_835.ini
32,2022_12_13__161621_935,user,1,0,
33,2022_12_13__161703_804,user,0,1,map_state_2022_12_13__161703_791.ini
34,2022_12_13__161714_537,user,0,1,map_state_2022_12_13__161714_523.ini
35,2022_12_13__161759_595,user,0,1,map_state_2022_12_13__161759_568.ini
36,2022_12_13__161912_050,user,0,1,map_state_2022_12_13__161912_043.ini
37,2022_12_13__161919_853,user,0,1,map_state_2022_12_13__161919_838.ini
38,2022_12_13__161931_605,user,0,1,map_state_2022_12_13__161931_597.ini
39,2022_12_13__161935_342,user,0,1,map_state_2022_12_13__161935_337.ini
40,2022_12_13__161937_870,user,0,1,map_state_2022_12_13__161937_855.ini
41,2022_12_13__161953_721,user,0,1,map_state_2022_12_13__161953_716.ini
42,2022_12_13__161955_477,user,0,1,map_state_2022_12_13__161955_464.ini
43,2022_12_13__162003_462,user,0,1,map_state_2022_12_13__162003_447.ini
44,2022_12_13__162032_068,user,0,1,map_state_2022_12_13__162032_053.ini
45,2022_12_13__162035_928,user,0,1,map_state_2022_12_13__162035_914.ini
46,2022_12_13__162041_445,user,1,0,
47,2022_12_13__162058_587,user,0,1,map_state_2022_12_13__162058_574.ini
48,2022_12_13__162111_991,user,0,1,map_state_2022_12_13__162111_976.ini
49,2022_12_13__162126_952,user,0,1,map_state_2022_12_13__162126_937.ini
50,2022_12_13__162336_666,user,0,1,map_state_2022_12_13__162336_659.ini
51,2022_12_13__162340_672,user,0,1,map_state_2022_12_13__162340_659.ini
52,2022_12_13__162520_436,user,1,0,
53,2022_12_13__162525_397,user,0,1,map_state_2022_12_13__162525_391.ini
54,2022_12_13__162527_579,user,0,1,map_state_2022_12_13__162527_561.ini
55,2022_12_13__162534_078,user,1,0,
56,2022_12_13__162648_462,user,0,1,map_state_2022_12_13__162648_446.ini
57,2022_12_13__162651_509,user,0,1,map_state_2022_12_13__162651_497.ini
58,2022_12_13__162651_534,user,0,1,map_state_2022_12_13__162651_521.ini
59,2022_12_13__162656_542,user,0,1,map_state_2022_12_13__162656_526.ini
60,2022_12_13__162656_571,user,0,1,map_state_2022_12_13__162656_558.ini
61,2022_12_13__162915_545,user,0,1,map_state_2022_12_13__162915_538.ini
62,2022_12_13__162917_047,user,0,1,map_state_2022_12_13__162917_031.ini
63,2022_12_13__162918_058,user,0,1,map_state_2022_12_13__162918_040.ini
64,2022_12_13__162927_581,user,0,1,map_state_2022_12_13__162927_575.ini
65,2022_12_13__162953_943,user,0,1,map_state_2022_12_13__162953_924.ini
66,2022_12_13__163345_027,user,0,1,map_state_2022_12_13__163345_012.ini
67,2022_12_13__163401_189,user,0,1,map_state_2022_12_13__163401_183.ini
68,2022_12_13__163439_626,user,0,1,map_state_2022_12_13__163439_620.ini
69,2022_12_13__163439_636,user,0,1,map_state_2022_12_13__163439_631.ini
70,2022_12_13__163555_421,user,0,1,map_state_2022_12_13__163555_415.ini
71,2022_12_13__163618_472,user,0,1,map_state_2022_12_13__163618_456.ini
72,2022_12_13__163649_903,user,0,1,map_state_2022_12_13__163649_889.ini
73,2022_12_13__163649_925,user,0,1,map_state_2022_12_13__163649_914.ini
74,2022_12_13__163652_228,user,0,1,map_state_2022_12_13__163652_213.ini
75,2022_12_13__163654_854,user,0,1,map_state_2022_12_13__163654_839.ini
76,2022_12_13__163703_269,user,0,1,map_state_2022_12_13__163703_260.ini
77,2022_12_13__163820_537,user,0,1,map_state_2022_12_13__163820_521.ini
78,2022_12_13__163823_268,user,0,1,map_state_2022_12_13__163823_260.ini
79,2022_12_13__163824_506,user,0,1,map_state_2022_12_13__163824_497.ini
80,2022_12_13__163826_106,user,0,1,map_state_2022_12_13__163826_093.ini
81,2022_12_13__163830_108,user,0,1,map_state_2022_12_13__163830_094.ini
82,2022_12_13__163832_281,user,0,1,map_state_2022_12_13__163832_264.ini
83,2022_12_13__163832_310,user,0,1,map_state_2022_12_13__163832_296.ini
84,2022_12_13__163832_453,user,0,1,map_state_2022_12_13__163832_446.ini
85,2022_12_13__163836_001,user,0,1,map_state_2022_12_13__163835_981.ini
86,2022_12_13__163836_037,user,0,1,map_state_2022_12_13__163836_019.ini
87,2022_12_13__163838_179,user,0,1,map_state_2022_12_13__163838_169.ini
88,2022_12_13__163838_195,user,0,1,map_state_2022_12_13__163838_187.ini
89,2022_12_13__163838_338,user,0,1,map_state_2022_12_13__163838_331.ini
90,2022_12_13__163901_462,user,0,1,map_state_2022_12_13__163901_448.ini
91,2022_12_13__163938_970,user,0,1,map_state_2022_12_13__163938_964.ini
92,2022_12_13__164040_516,user,0,1,map_state_2022_12_13__164040_503.ini
93,2022_12_13__164044_057,user,0,1,map_state_2022_12_13__164044_043.ini
94,2022_12_13__164117_482,user,0,1,map_state_2022_12_13__164117_469.ini
95,2022_12_13__164117_850,user,0,1,map_state_2022_12_13__164117_836.ini
96,2022_12_13__164127_213,user,0,1,map_state_2022_12_13__164127_200.ini
97,2022_12_13__164131_679,user,0,1,map_state_2022_12_13__164131_666.ini
98,2022_12_13__164141_523,user,0,1,map_state_2022_12_13__164141_514.ini
99,2022_12_13__164214_199,user,0,1,map_state_2022_12_13__164214_193.ini
100,2022_12_13__164217_474,user,0,1,map_state_2022_12_13__164217_466.ini
101,2022_12_13__164228_099,user,0,1,map_state_2022_12_13__164228_093.ini
102,2022_12_13__164230_102,user,0,1,map_state_2022_12_13__164230_089.ini
103,2022_12_13__164232_593,user,0,1,map_state_2022_12_13__164232_588.ini
104,2022_12_13__164236_393,user,0,1,map_state_2022_12_13__164236_379.ini
105,2022_12_13__164243_073,user,0,1,map_state_2022_12_13__164243_067.ini
106,2022_12_13__164245_856,user,0,1,map_state_2022_12_13__164245_851.ini
107,2022_12_13__164322_346,user,0,1,map_state_2022_12_13__164322_331.ini
108,2022_12_13__164418_337,user,0,1,map_state_2022_12_13__164418_331.ini
109,2022_12_13__164418_348,user,0,1,map_state_2022_12_13__164418_342.ini
110,2022_12_13__164421_740,user,0,1,map_state_2022_12_13__164421_713.ini
111,2022_12_13__164421_774,user,0,1,map_state_2022_12_13__164421_756.ini
112,2022_12_13__164425_441,user,0,1,map_state_2022_12_13__164425_434.ini
113,2022_12_13__164425_452,user,0,1,map_state_2022_12_13__164425_446.ini
114,2022_12_13__164429_049,user,0,1,map_state_2022_12_13__164429_043.ini
115,2022_12_13__164429_060,user,0,1,map_state_2022_12_13__164429_055.ini
116,2022_12_13__164506_283,user,2,0,C:\Users\vd_sa\Documents\KuLeuven\Master\thesis\Navigation\submap0.ini
117,2022_12_13__164530_578,user,1,0,
118,2022_12_13__164935_338,user,1,0,
119,2022_12_14__132825_702,user,0,1,map_state_2022_12_14__132825_688.ini
120,2022_12_14__132826_947,user,0,1,map_state_2022_12_14__132826_925.ini
121,2022_12_14__132829_332,user,0,1,map_state_2022_12_14__132829_326.ini
122,2022_12_14__132955_361,user,2,0,C:\Users\vd_sa\Documents\KuLeuven\Master\thesis\Navigation\submap0.ini
123,2022_12_14__133003_133,user,1,0,
124,2022_12_14__134521_879,user,0,1,map_state_2022_12_14__134521_859.ini
125,2022_12_14__134523_311,user,0,1,map_state_2022_12_14__134523_284.ini
126,2022_12_14__134525_064,user,1,0,
127,2022_12_14__134526_142,user,1,0,
128,2022_12_14__134530_551,user,0,1,map_state_2022_12_14__134530_529.ini
129,2022_12_14__135940_332,user,0,1,map_state_2022_12_14__135940_324.ini
130,2022_12_14__135941_354,user,1,0,
131,2022_12_14__140338_622,user,0,1,map_state_2022_12_14__140338_608.ini
132,2022_12_14__140451_856,user,2,0,C:\Users\vd_sa\Documents\KuLeuven\Master\thesis\Navigation\submap0.ini
133,2022_12_14__140459_085,user,1,0,
134,2022_12_14__140508_216,user,0,1,map_state_2022_12_14__140508_206.ini
135,2022_12_14__140825_411,user,0,1,map_state_2022_12_14__140825_381.ini
136,2022_12_14__140832_472,user,0,1,map_state_2022_12_14__140832_444.ini
137,2022_12_14__140834_631,user,0,1,map_state_2022_12_14__140834_611.ini
138,2022_12_14__140836_919,user,1,0,
139,2022_12_14__140854_228,user,0,1,map_state_2022_12_14__140854_210.ini
140,2022_12_14__140855_768,user,0,1,map_state_2022_12_14__140855_748.ini
141,2022_12_14__140902_533,user,1,0,
142,2022_12_14__140905_067,user,0,1,map_state_2022_12_14__140905_041.ini
143,2022_12_14__140907_553,user,0,1,map_state_2022_12_14__140907_536.ini
144,2022_12_14__140909_173,user,1,0,
145,2022_12_14__140946_496,user,0,1,map_state_2022_12_14__140946_475.ini
146,2022_12_14__140947_317,user,0,1,map_state_2022_12_14__140947_299.ini
147,2022_12_14__141005_244,user,0,1,map_state_2022_12_14__141005_235.ini
148,2022_12_14__141006_314,user,0,1,map_state_2022_12_14__141006_303.ini
149,2022_12_14__141012_034,user,0,1,map_state_2022_12_14__141012_026.ini
150,2022_12_14__141022_800,user,0,1,map_state_2022_12_14__141022_786.ini
151,2022_12_14__141025_489,user,0,1,map_state_2022_12_14__141025_474.ini
152,2022_12_14__141028_574,user,0,1,map_state_2022_12_14__141028_563.ini
153,2022_12_14__141039_268,user,0,1,map_state_2022_12_14__141039_248.ini
154,2022_12_14__141039_306,user,0,1,map_state_2022_12_14__141039_288.ini
155,2022_12_14__141110_346,user,0,1,map_state_2022_12_14__141110_314.ini
156,2022_12_14__141111_548,user,0,1,map_state_2022_12_14__141111_526.ini
157,2022_12_14__141112_466,user,0,1,map_state_2022_12_14__141112_449.ini
158,2022_12_14__141114_241,user,0,1,map_state_2022_12_14__141114_219.ini
159,2022_12_14__141154_776,user,0,1,map_state_2022_12_14__141154_748.ini
160,2022_12_14__141206_578,user,0,1,map_state_2022_12_14__141206_558.ini
161,2022_12_14__141210_797,user,0,1,map_state_2022_12_14__141210_790.ini
162,2022_12_14__141210_813,user,0,1,map_state_2022_12_14__141210_804.ini
163,2022_12_14__141224_510,user,0,1,map_state_2022_12_14__141224_498.ini
164,2022_12_14__141236_770,user,0,1,map_state_2022_12_14__141236_745.ini
165,2022_12_14__141241_352,user,0,1,map_state_2022_12_14__141241_338.ini
166,2022_12_14__141307_776,user,1,0,
167,2022_12_14__141341_855,user,2,0,C:\Users\vd_sa\Documents\KuLeuven\Master\thesis\Navigation\submap0.ini
168,2022_12_14__141348_776,user,1,0,
169,2022_12_14__141401_915,user,0,1,map_state_2022_12_14__141401_898.ini
170,2022_12_14__141512_762,user,0,1,map_state_2022_12_14__141512_741.ini
171,2022_12_14__141701_309,user,1,0,
172,2022_12_14__141703_471,user,0,1,map_state_2022_12_14__141703_444.ini
173,2022_12_14__141705_302,user,1,0,
174,2022_12_14__141723_953,user,1,0,
175,2022_12_14__141728_899,user,0,1,map_state_2022_12_14__141728_871.ini
176,2022_12_14__141730_863,user,1,0,
177,2022_12_14__152356_210,user,0,1,map_state_2022_12_14__152356_204.ini
178,2022_12_14__152502_939,user,0,1,map_state_2022_12_14__152502_923.ini
179,2022_12_14__152528_743,user,0,1,map_state_2022_12_14__152528_737.ini
180,2022_12_14__152529_148,user,0,1,map_state_2022_12_14__152529_142.ini
181,2022_12_14__152531_818,user,1,0,
182,2022_12_14__152823_276,user,0,1,map_state_2022_12_14__152823_262.ini
183,2022_12_16__095339_705,user,0,1,map_state_2022_12_16__095339_677.ini
184,2022_12_16__095339_748,user,0,1,map_state_2022_12_16__095339_728.ini
185,2022_12_16__095343_645,user,0,1,map_state_2022_12_16__095343_615.ini
186,2022_12_16__095343_686,user,0,1,map_state_2022_12_16__095343_665.ini
187,2022_12_16__100033_312,user,0,1,map_state_2022_12_16__100033_286.ini
188,2022_12_16__100048_976,user,0,1,map_state_2022_12_16__100048_948.ini
189,2022_12_16__100052_331,user,0,1,map_state_2022_12_16__100052_312.ini
190,2022_12_16__100239_261,user,0,1,map_state_2022_12_16__100239_246.ini
191,2022_12_16__100255_766,user,0,1,map_state_2022_12_16__100255_737.ini
192,2022_12_16__100305_226,user,0,1,map_state_2022_12_16__100305_203.ini
193,2022_12_16__100406_438,user,2,0,C:\Users\vd_sa\Documents\KuLeuven\Master\thesis\Navigation\submap0.ini
194,2022_12_16__100410_898,user,1,0,
195,2022_12_16__104054_155,user,0,1,map_state_2022_12_16__104054_130.ini
196,2022_12_16__104059_950,user,0,1,map_state_2022_12_16__104059_925.ini
197,2022_12_16__104141_005,user,1,0,
198,2022_12_16__112128_578,user,1,0,
199,2022_12_16__122103_522,user,1,0,
200,2022_12_19__145632_680,user,0,1,map_state_2022_12_19__145632_675.ini
201,2022_12_19__145743_775,user,0,1,map_state_2022_12_19__145743_768.ini
202,2022_12_19__145747_874,user,0,1,map_state_2022_12_19__145747_866.ini
203,2022_12_19__145846_927,user,2,0,C:\Users\vd_sa\Documents\KuLeuven\Master\thesis\Navigation\maps\submap0.ini
204,2022_12_19__145910_064,user,1,0,
205,2022_12_19__150248_079,user,0,1,map_state_2022_12_19__150248_064.ini
206,2022_12_19__150248_178,user,0,1,map_state_2022_12_19__150248_170.ini
207,2022_12_19__150323_581,user,1,0,
208,2022_12_19__150330_093,user,0,1,map_state_2022_12_19__150330_063.ini
209,2022_12_19__150331_383,user,0,1,map_state_2022_12_19__150331_377.ini
210,2022_12_19__150456_788,user,0,1,map_state_2022_12_19__150456_772.ini
211,2022_12_19__150534_925,user,2,0,C:\Users\vd_sa\Documents\KuLeuven\Master\thesis\Navigation\maps\submap0.ini
212,2022_12_19__150539_194,user,1,0,
213,2022_12_19__150549_646,user,0,1,map_state_2022_12_19__150549_626.ini
214,2022_12_19__160312_395,user,1,0,
215,2022_12_19__160424_639,user,2,0,C:\Users\vd_sa\Documents\KuLeuven\Master\thesis\Navigation\maps\submap0.ini
216,2022_12_19__160434_572,user,1,0,
217,2022_12_19__161450_811,user,0,1,map_state_2022_12_19__161450_800.ini
218,2022_12_19__161450_916,user,0,1,map_state_2022_12_19__161450_909.ini
219,2022_12_19__161513_359,user,0,1,map_state_2022_12_19__161513_345.ini
220,2022_12_19__161513_449,user,0,1,map_state_2022_12_19__161513_439.ini
221,2022_12_19__161611_960,user,0,1,map_state_2022_12_19__161611_946.ini
222,2022_12_19__161650_043,user,2,0,C:\Users\vd_sa\Documents\KuLeuven\Master\thesis\Navigation\maps\submap0.ini
223,2022_12_19__161710_655,user,1,0,
224,2022_12_19__161720_518,user,0,1,map_state_2022_12_19__161720_512.ini
225,2022_12_19__161723_681,user,1,0,
226,2022_12_19__162114_183,user,0,1,map_state_2022_12_19__162114_168.ini
227,2022_12_19__162138_994,user,0,1,map_state_2022_12_19__162138_989.ini
228,2022_12_19__162213_548,user,2,0,C:\Users\vd_sa\Documents\KuLeuven\Master\thesis\Navigation\maps\submap0.ini
229,2022_12_19__162225_897,user,0,1,map_state_2022_12_19__162225_890.ini
230,2022_12_19__162226_793,user,1,0,
231,2023_02_21__144949_449,user,1,0,
232,2023_02_23__132215_047,user,0,1,map_state_2023_02_23__132215_042.ini
233,2023_02_23__132217_566,user,0,1,map_state_2023_02_23__132217_560.ini
234,2023_02_23__132357_503,user,2,0,C:\Users\vd_sa\Documents\KuLeuven\Master\thesis\Navigation\marvelmind_SW_2022_11_19\01_Common_Indoor_positioning_SW\Dashboard\windows\dashboard\maps\map_2023_02_21__1449_autosave.ini
235,2023_02_23__132401_595,user,1,0,
236,2023_03_31__084951_000,user,0,1,map_state_2023_03_31__084950_972.ini
237,2023_03_31__085011_626,user,0,1,map_state_2023_03_31__085011_618.ini
238,2023_03_31__085020_336,user,0,1,map_state_2023_03_31__085020_324.ini
239,2023_03_31__085042_603,user,0,1,map_state_2023_03_31__085042_594.ini
240,2023_03_31__085127_320,user,0,1,map_state_2023_03_31__085127_313.ini
241,2023_03_31__085139_973,user,0,1,map_state_2023_03_31__085139_956.ini
242,2023_03_31__085306_711,user,0,1,map_state_2023_03_31__085306_693.ini
243,2023_03_31__085315_027,user,0,1,map_state_2023_03_31__085315_009.ini
244,2023_03_31__085327_666,user,0,1,map_state_2023_03_31__085327_648.ini
245,2023_03_31__085336_975,user,0,1,map_state_2023_03_31__085336_959.ini
246,2023_03_31__085345_974,user,0,1,map_state_2023_03_31__085345_966.ini
247,2023_03_31__085440_401,user,0,1,map_state_2023_03_31__085440_384.ini
248,2023_03_31__085445_957,user,0,1,map_state_2023_03_31__085445_937.ini
249,2023_03_31__085453_090,user,0,1,map_state_2023_03_31__085453_074.ini
250,2023_03_31__085512_191,user,0,1,map_state_2023_03_31__085512_173.ini
251,2023_03_31__085515_142,user,0,1,map_state_2023_03_31__085515_125.ini
252,2023_03_31__085517_879,user,0,1,map_state_2023_03_31__085517_861.ini
253,2023_03_31__085520_723,user,0,1,map_state_2023_03_31__085520_714.ini
254,2023_03_31__085526_338,user,0,1,map_state_2023_03_31__085526_320.ini
255,2023_03_31__085527_400,user,0,1,map_state_2023_03_31__085527_382.ini
256,2023_03_31__085533_623,user,0,1,map_state_2023_03_31__085533_614.ini
257,2023_03_31__085536_233,user,1,0,
258,2023_03_31__085832_613,user,0,1,map_state_2023_03_31__085832_582.ini
259,2023_03_31__085848_075,user,0,1,map_state_2023_03_31__085848_057.ini
260,2023_03_31__085924_580,user,0,1,map_state_2023_03_31__085924_551.ini
261,2023_03_31__090047_333,user,0,1,map_state_2023_03_31__090047_310.ini
262,2023_03_31__090047_467,user,0,1,map_state_2023_03_31__090047_445.ini
263,2023_03_31__090142_410,user,0,1,map_state_2023_03_31__090142_388.ini
264,2023_03_31__090240_199,user,0,1,map_state_2023_03_31__090240_172.ini
265,2023_03_31__090300_050,user,0,1,map_state_2023_03_31__090300_027.ini
266,2023_03_31__090306_378,user,0,1,map_state_2023_03_31__090306_348.ini
267,2023_03_31__090310_892,user,0,1,map_state_2023_03_31__090310_867.ini
268,2023_03_31__090319_370,user,0,1,map_state_2023_03_31__090319_354.ini
269,2023_03_31__090325_004,user,0,1,map_state_2023_03_31__090324_984.ini
270,2023_03_31__090328_828,user,0,1,map_state_2023_03_31__090328_809.ini
271,2023_03_31__090343_925,user,0,1,map_state_2023_03_31__090343_898.ini
272,2023_03_31__090348_934,user,0,1,map_state_2023_03_31__090348_904.ini
273,2023_03_31__091016_260,user,0,1,map_state_2023_03_31__091016_230.ini
274,2023_03_31__091213_034,user,0,1,map_state_2023_03_31__091213_017.ini
275,2023_03_31__091226_635,user,0,1,map_state_2023_03_31__091226_609.ini
276,2023_03_31__091251_165,user,0,1,map_state_2023_03_31__091251_151.ini
277,2023_03_31__091254_896,user,0,1,map_state_2023_03_31__091254_876.ini
278,2023_03_31__091326_262,user,0,1,map_state_2023_03_31__091326_249.ini
279,2023_03_31__091326_283,user,0,1,map_state_2023_03_31__091326_272.ini
280,2023_03_31__091332_722,user,0,1,map_state_2023_03_31__091332_705.ini
281,2023_03_31__091332_749,user,0,1,map_state_2023_03_31__091332_735.ini
282,2023_03_31__091333_811,user,0,1,map_state_2023_03_31__091333_795.ini
283,2023_03_31__091333_841,user,0,1,map_state_2023_03_31__091333_826.ini
284,2023_03_31__091343_730,user,0,1,map_state_2023_03_31__091343_715.ini
285,2023_03_31__091347_601,user,0,1,map_state_2023_03_31__091347_577.ini
286,2023_03_31__091356_985,user,0,1,map_state_2023_03_31__091356_961.ini
287,2023_03_31__091407_690,user,0,1,map_state_2023_03_31__091407_673.ini
288,2023_03_31__091425_848,user,0,1,map_state_2023_03_31__091425_833.ini
289,2023_03_31__091429_025,user,0,1,map_state_2023_03_31__091429_014.ini
290,2023_03_31__091432_552,user,0,1,map_state_2023_03_31__091432_535.ini
291,2023_03_31__091440_617,user,0,1,map_state_2023_03_31__091440_591.ini
292,2023_03_31__091456_575,user,0,1,map_state_2023_03_31__091456_560.ini
293,2023_03_31__091514_542,user,0,1,map_state_2023_03_31__091514_525.ini
294,2023_03_31__091521_792,user,0,1,map_state_2023_03_31__091521_770.ini
295,2023_03_31__091548_065,user,0,1,map_state_2023_03_31__091548_059.ini
296,2023_03_31__091637_522,user,0,1,map_state_2023_03_31__091637_516.ini
297,2023_03_31__091641_175,user,0,1,map_state_2023_03_31__091641_158.ini
298,2023_03_31__091654_822,user,0,1,map_state_2023_03_31__091654_796.ini
299,2023_03_31__091711_550,user,0,1,map_state_2023_03_31__091711_529.ini
300,2023_03_31__091727_764,user,0,1,map_state_2023_03_31__091727_748.ini
301,2023_03_31__091732_955,user,0,1,map_state_2023_03_31__091732_943.ini
302,2023_03_31__091808_181,user,0,1,map_state_2023_03_31__091808_157.ini
303,2023_03_31__091823_850,user,0,1,map_state_2023_03_31__091823_823.ini
304,2023_03_31__091844_347,user,0,1,map_state_2023_03_31__091844_324.ini
305,2023_03_31__091911_946,user,0,1,map_state_2023_03_31__091911_921.ini
306,2023_03_31__091919_276,user,0,1,map_state_2023_03_31__091919_258.ini
307,2023_03_31__092012_540,user,0,1,map_state_2023_03_31__092012_514.ini
308,2023_03_31__092012_575,user,0,1,map_state_2023_03_31__092012_557.ini
309,2023_03_31__092014_011,user,0,1,map_state_2023_03_31__092013_999.ini
310,2023_03_31__092014_034,user,0,1,map_state_2023_03_31__092014_021.ini
311,2023_03_31__092015_871,user,0,1,map_state_2023_03_31__092015_856.ini
312,2023_03_31__092015_894,user,0,1,map_state_2023_03_31__092015_881.ini
313,2023_03_31__092024_281,user,0,1,map_state_2023_03_31__092024_270.ini
314,2023_03_31__092035_116,user,0,1,map_state_2023_03_31__092035_109.ini
315,2023_03_31__092035_147,user,0,1,map_state_2023_03_31__092035_130.ini
316,2023_03_31__092112_219,user,0,1,map_state_2023_03_31__092112_195.ini
317,2023_03_31__092124_343,user,1,0,
318,2023_03_31__092144_664,user,0,1,map_state_2023_03_31__092144_639.ini
319,2023_03_31__092153_741,user,0,1,map_state_2023_03_31__092153_718.ini
320,2023_03_31__092359_324,user,1,0,
321,2023_03_31__092403_185,user,0,1,map_state_2023_03_31__092403_160.ini
322,2023_03_31__092437_492,user,0,1,map_state_2023_03_31__092437_475.ini
323,2023_03_31__092438_983,user,1,0,
324,2023_03_31__092458_745,user,0,1,map_state_2023_03_31__092458_720.ini
325,2023_03_31__092521_736,user,0,1,map_state_2023_03_31__092521_712.ini
326,2023_03_31__092529_203,user,0,1,map_state_2023_03_31__092529_184.ini
327,2023_03_31__092534_375,user,0,1,map_state_2023_03_31__092534_357.ini
328,2023_03_31__092534_407,user,0,1,map_state_2023_03_31__092534_390.ini
329,2023_03_31__092536_903,user,0,1,map_state_2023_03_31__092536_883.ini
330,2023_03_31__092536_938,user,0,1,map_state_2023_03_31__092536_920.ini
331,2023_03_31__092538_860,user,0,1,map_state_2023_03_31__092538_847.ini
332,2023_03_31__092538_884,user,0,1,map_state_2023_03_31__092538_871.ini
333,2023_03_31__092541_645,user,0,1,map_state_2023_03_31__092541_623.ini
334,2023_03_31__092615_846,user,0,1,map_state_2023_03_31__092615_818.ini
335,2023_03_31__092616_061,user,1,0,
336,2023_03_31__092639_790,user,0,1,map_state_2023_03_31__092639_765.ini
337,2023_03_31__092643_083,user,0,1,map_state_2023_03_31__092643_059.ini
338,2023_03_31__092643_113,user,0,1,map_state_2023_03_31__092643_096.ini
339,2023_03_31__092644_521,user,0,1,map_state_2023_03_31__092644_501.ini
340,2023_03_31__092644_560,user,0,1,map_state_2023_03_31__092644_540.ini
341,2023_03_31__092646_933,user,1,0,
342,2023_03_31__092658_345,user,0,1,map_state_2023_03_31__092658_324.ini
343,2023_03_31__092730_769,user,0,1,map_state_2023_03_31__092730_758.ini
344,2023_03_31__092731_591,user,1,0,
345,2023_03_31__092747_670,user,0,1,map_state_2023_03_31__092747_652.ini
346,2023_03_31__092758_195,user,0,1,map_state_2023_03_31__092758_178.ini
347,2023_03_31__092809_109,user,0,1,map_state_2023_03_31__092809_090.ini
348,2023_03_31__092811_197,user,0,1,map_state_2023_03_31__092811_170.ini
349,2023_03_31__092813_317,user,1,0,
350,2023_03_31__092832_339,user,1,0,
351,2023_03_31__092841_566,user,1,0,
352,2023_03_31__092845_780,user,0,1,map_state_2023_03_31__092845_762.ini
353,2023_03_31__092845_798,user,0,1,map_state_2023_03_31__092845_788.ini
354,2023_03_31__092848_176,user,0,1,map_state_2023_03_31__092848_169.ini
355,2023_03_31__092848_189,user,0,1,map_state_2023_03_31__092848_181.ini
356,2023_03_31__092858_900,user,0,1,map_state_2023_03_31__092858_887.ini
357,2023_03_31__092858_921,user,0,1,map_state_2023_03_31__092858_911.ini
358,2023_03_31__092916_051,user,0,1,map_state_2023_03_31__092916_034.ini
359,2023_03_31__092952_546,user,0,1,map_state_2023_03_31__092952_519.ini
360,2023_03_31__093003_736,user,0,1,map_state_2023_03_31__093003_719.ini
361,2023_03_31__093012_156,user,0,1,map_state_2023_03_31__093012_136.ini
362,2023_03_31__093016_643,user,0,1,map_state_2023_03_31__093016_625.ini
363,2023_03_31__093024_731,user,0,1,map_state_2023_03_31__093024_714.ini
364,2023_03_31__093035_451,user,0,1,map_state_2023_03_31__093035_433.ini
365,2023_03_31__093038_446,user,1,0,
366,2023_03_31__093045_097,user,1,0,
367,2023_03_31__093633_274,user,0,1,map_state_2023_03_31__093633_247.ini
368,2023_03_31__093633_308,user,0,1,map_state_2023_03_31__093633_291.ini
369,2023_03_31__093635_901,user,0,1,map_state_2023_03_31__093635_883.ini
370,2023_03_31__093635_919,user,0,1,map_state_2023_03_31__093635_910.ini
371,2023_03_31__093638_623,user,0,1,map_state_2023_03_31__093638_607.ini
372,2023_03_31__093638_635,user,0,1,map_state_2023_03_31__093638_627.ini
373,2023_03_31__093643_547,user,0,1,map_state_2023_03_31__093643_529.ini
374,2023_03_31__093643_580,user,0,1,map_state_2023_03_31__093643_562.ini
375,2023_03_31__093653_182,user,0,1,map_state_2023_03_31__093653_157.ini
376,2023_03_31__093653_215,user,0,1,map_state_2023_03_31__093653_198.ini
377,2023_03_31__093654_604,user,0,1,map_state_2023_03_31__093654_577.ini
378,2023_03_31__093654_637,user,0,1,map_state_2023_03_31__093654_620.ini
379,2023_03_31__093658_976,user,0,1,map_state_2023_03_31__093658_949.ini
380,2023_03_31__093659_000,user,0,1,map_state_2023_03_31__093658_991.ini
381,2023_03_31__093705_211,user,0,1,map_state_2023_03_31__093705_185.ini
382,2023_03_31__093705_249,user,0,1,map_state_2023_03_31__093705_231.ini
383,2023_03_31__093710_453,user,0,1,map_state_2023_03_31__093710_433.ini
384,2023_03_31__093710_466,user,0,1,map_state_2023_03_31__093710_459.ini
385,2023_03_31__093712_000,user,0,1,map_state_2023_03_31__093711_973.ini
386,2023_03_31__093712_039,user,0,1,map_state_2023_03_31__093712_019.ini
387,2023_03_31__093721_606,user,0,1,map_state_2023_03_31__093721_591.ini
388,2023_03_31__093721_643,user,0,1,map_state_2023_03_31__093721_623.ini
389,2023_03_31__093722_937,user,0,1,map_state_2023_03_31__093722_906.ini
390,2023_03_31__093722_974,user,0,1,map_state_2023_03_31__093722_955.ini
391,2023_03_31__093725_117,user,0,1,map_state_2023_03_31__093725_092.ini
392,2023_03_31__093725_145,user,0,1,map_state_2023_03_31__093725_131.ini
393,2023_03_31__093733_088,user,0,1,map_state_2023_03_31__093733_075.ini
394,2023_03_31__093733_116,user,0,1,map_state_2023_03_31__093733_103.ini
395,2023_03_31__093744_090,user,0,1,map_state_2023_03_31__093744_064.ini
396,2023_03_31__093744_123,user,0,1,map_state_2023_03_31__093744_106.ini
397,2023_03_31__093753_697,user,0,1,map_state_2023_03_31__093753_686.ini
398,2023_03_31__093808_928,user,0,1,map_state_2023_03_31__093808_902.ini
399,2023_03_31__093812_329,user,0,1,map_state_2023_03_31__093812_301.ini
400,2023_03_31__093814_603,user,0,1,map_state_2023_03_31__093814_592.ini
401,2023_03_31__093816_804,user,0,1,map_state_2023_03_31__093816_779.ini
402,2023_03_31__093820_633,user,0,1,map_state_2023_03_31__093820_607.ini
403,2023_03_31__093822_596,user,0,1,map_state_2023_03_31__093822_577.ini
404,2023_03_31__093830_581,user,0,1,map_state_2023_03_31__093830_559.ini
405,2023_03_31__093922_310,user,0,1,map_state_2023_03_31__093922_295.ini
406,2023_03_31__093925_492,user,0,1,map_state_2023_03_31__093925_465.ini
407,2023_03_31__093935_850,user,0,1,map_state_2023_03_31__093935_823.ini
408,2023_03_31__093941_922,user,0,1,map_state_2023_03_31__093941_898.ini
409,2023_03_31__093946_161,user,0,1,map_state_2023_03_31__093946_136.ini
410,2023_03_31__093949_219,user,0,1,map_state_2023_03_31__093949_199.ini
411,2023_03_31__093954_148,user,0,1,map_state_2023_03_31__093954_124.ini
412,2023_03_31__093957_480,user,0,1,map_state_2023_03_31__093957_454.ini
413,2023_03_31__094002_226,user,0,1,map_state_2023_03_31__094002_217.ini
414,2023_03_31__094005_963,user,0,1,map_state_2023_03_31__094005_948.ini
415,2023_03_31__094037_250,user,0,1,map_state_2023_03_31__094037_228.ini
416,2023_03_31__094043_403,user,0,1,map_state_2023_03_31__094043_374.ini
417,2023_03_31__094043_528,user,0,1,map_state_2023_03_31__094043_499.ini
418,2023_03_31__094049_493,user,0,1,map_state_2023_03_31__094049_485.ini
419,2023_03_31__094054_416,user,0,1,map_state_2023_03_31__094054_400.ini
420,2023_03_31__094059_792,user,0,1,map_state_2023_03_31__094059_768.ini
421,2023_03_31__094104_953,user,0,1,map_state_2023_03_31__094104_928.ini
422,2023_03_31__094105_061,user,0,1,map_state_2023_03_31__094105_042.ini
423,2023_03_31__094110_302,user,0,1,map_state_2023_03_31__094110_282.ini
424,2023_03_31__094117_197,user,0,1,map_state_2023_03_31__094117_177.ini
425,2023_03_31__094122_081,user,0,1,map_state_2023_03_31__094122_074.ini
426,2023_03_31__094500_280,user,0,1,map_state_2023_03_31__094500_261.ini
427,2023_03_31__094514_402,user,0,1,map_state_2023_03_31__094514_379.ini
428,2023_03_31__094524_227,user,0,1,map_state_2023_03_31__094524_213.ini
429,2023_03_31__094535_709,user,0,1,map_state_2023_03_31__094535_699.ini
430,2023_03_31__094539_865,user,0,1,map_state_2023_03_31__094539_855.ini
431,2023_03_31__094547_388,user,0,1,map_state_2023_03_31__094547_348.ini
432,2023_03_31__094553_568,user,0,1,map_state_2023_03_31__094553_549.ini
433,2023_03_31__094600_426,user,0,1,map_state_2023_03_31__094600_419.ini
434,2023_03_31__094614_071,user,1,0,
435,2023_03_31__095229_433,user,2,0,C:\Users\vd_sa\Documents\KuLeuven\Master\thesis\Navigation\maps\map_2023_03_31__0849.ini
436,2023_03_31__095235_538,user,1,0,
437,2023_03_31__101140_082,user,1,0,
438,2023_03_31__101355_074,user,0,1,map_state_2023_03_31__101355_066.ini
439,2023_03_31__101432_227,user,0,1,map_state_2023_03_31__101432_212.ini
440,2023_03_31__101435_239,user,0,1,map_state_2023_03_31__101435_222.ini
441,2023_03_31__101437_182,user,0,1,map_state_2023_03_31__101437_165.ini
442,2023_03_31__101439_245,user,0,1,map_state_2023_03_31__101439_227.ini
443,2023_03_31__101443_061,user,0,1,map_state_2023_03_31__101443_041.ini
444,2023_03_31__101533_057,user,1,0,
445,2023_03_31__101543_833,user,1,0,
446,2023_03_31__141031_558,user,1,0,
447,2023_04_03__091455_789,user,0,1,map_state_2023_04_03__091455_771.ini
448,2023_04_03__091841_679,user,0,1,map_state_2023_04_03__091841_653.ini
449,2023_04_03__091857_329,user,0,1,map_state_2023_04_03__091857_307.ini
450,2023_04_03__092353_615,user,0,1,map_state_2023_04_03__092353_596.ini
451,2023_04_03__092414_648,user,0,1,map_state_2023_04_03__092414_629.ini
452,2023_04_03__092440_138,user,0,1,map_state_2023_04_03__092440_111.ini
453,2023_04_03__092558_451,user,0,1,map_state_2023_04_03__092558_425.ini
454,2023_04_03__094906_878,user,0,1,map_state_2023_04_03__094906_865.ini
455,2023_04_03__094920_549,user,0,1,map_state_2023_04_03__094920_535.ini
456,2023_04_03__094920_649,user,0,1,map_state_2023_04_03__094920_642.ini
457,2023_04_03__094935_855,user,0,1,map_state_2023_04_03__094935_847.ini
458,2023_04_03__095016_298,user,0,1,map_state_2023_04_03__095016_284.ini
459,2023_04_03__095020_234,user,0,1,map_state_2023_04_03__095020_229.ini
460,2023_04_03__095026_041,user,0,1,map_state_2023_04_03__095026_018.ini
461,2023_04_03__095028_213,user,0,1,map_state_2023_04_03__095028_207.ini
462,2023_04_03__095037_839,user,0,1,map_state_2023_04_03__095037_832.ini
463,2023_04_03__095046_698,user,0,1,map_state_2023_04_03__095046_692.ini
464,2023_04_03__095345_650,user,0,1,map_state_2023_04_03__095345_644.ini
465,2023_04_03__095346_483,user,1,0,
466,2023_04_03__095404_794,user,0,1,map_state_2023_04_03__095404_769.ini
467,2023_04_03__095415_283,user,0,1,map_state_2023_04_03__095415_270.ini
468,2023_04_03__095417_876,user,1,0,
469,2023_04_03__095444_589,user,0,1,map_state_2023_04_03__095444_583.ini
470,2023_04_03__095454_219,user,0,1,map_state_2023_04_03__095454_207.ini
471,2023_04_03__095455_698,user,1,0,
472,2023_04_03__114511_118,user,1,0,
473,2023_04_03__123955_958,user,0,1,map_state_2023_04_03__123955_943.ini
474,2023_04_03__124054_879,user,0,1,map_state_2023_04_03__124054_852.ini
475,2023_04_03__124117_581,user,0,1,map_state_2023_04_03__124117_568.ini
476,2023_04_03__124120_909,user,0,1,map_state_2023_04_03__124120_905.ini
477,2023_04_03__124123_792,user,0,1,map_state_2023_04_03__124123_787.ini
478,2023_04_03__124126_512,user,0,1,map_state_2023_04_03__124126_507.ini
479,2023_04_03__124309_630,user,2,0,C:\Users\vd_sa\Documents\KuLeuven\Master\thesis\Navigation\marvelmind_SW_2022_11_19\01_Common_Indoor_positioning_SW\Dashboard\windows\dashboard\maps\map_2023_04_03__1145_autosave.ini
480,2023_04_03__124324_218,user,1,0,
481,2023_04_03__124430_723,user,0,1,map_state_2023_04_03__124430_717.ini
482,2023_04_03__124509_131,user,2,0,C:\Users\vd_sa\Documents\KuLeuven\Master\thesis\Navigation\marvelmind_SW_2022_11_19\01_Common_Indoor_positioning_SW\Dashboard\windows\dashboard\maps\map_2023_04_03__1244_autosave.ini
483,2023_04_03__124542_928,user,1,0,
484,2023_04_03__124909_177,user,2,0,C:\Users\vd_sa\Documents\KuLeuven\Master\thesis\Navigation\marvelmind_SW_2022_11_19\01_Common_Indoor_positioning_SW\Dashboard\windows\dashboard\maps\map_2023_04_03__1145_autosave.ini
485,2023_04_03__124959_284,user,1,0,
486,2023_04_03__141131_962,user,1,0,
487,2023_04_03__141815_619,user,1,0,
488,2023_04_03__141931_633,user,1,0,
489,2023_04_03__142223_274,user,1,0,
490,2023_04_03__142838_864,user,1,0,
491,2023_04_03__145242_803,user,0,1,map_state_2023_04_03__145242_796.ini
492,2023_04_03__145322_063,user,1,0,
493,2023_04_03__145514_587,user,0,1,map_state_2023_04_03__145514_578.ini
494,2023_04_03__145515_605,user,0,1,map_state_2023_04_03__145515_596.ini
495,2023_04_03__145516_508,user,1,0,
496,2023_04_03__145533_075,user,1,0,
497,2023_04_05__120735_572,user,1,0,
498,2023_04_05__132930_044,user,1,0,
499,2023_04_05__133027_402,user,1,0,
500,2023_04_25__100101_386,user,0,1,map_state_2023_04_25__100101_373.ini
501,2023_04_25__100106_093,user,0,1,map_state_2023_04_25__100106_083.ini
502,2023_04_25__100224_593,user,1,0,
503,2023_04_25__100406_491,user,0,1,map_state_2023_04_25__100406_480.ini
504,2023_04_25__100426_678,user,0,1,map_state_2023_04_25__100426_662.ini
505,2023_04_25__100436_792,user,0,1,map_state_2023_04_25__100436_783.ini
506,2023_04_25__100445_948,user,0,1,map_state_2023_04_25__100445_935.ini
507,2023_04_25__100451_070,user,0,1,map_state_2023_04_25__100451_053.ini
508,2023_04_25__100454_393,user,0,1,map_state_2023_04_25__100454_376.ini
509,2023_04_25__100503_466,user,0,1,map_state_2023_04_25__100503_454.ini
510,2023_04_25__100555_381,user,0,1,map_state_2023_04_25__100555_366.ini
511,2023_04_25__100610_538,user,0,1,map_state_2023_04_25__100610_517.ini
512,2023_04_25__100611_554,user,0,1,map_state_2023_04_25__100611_536.ini
513,2023_04_25__100614_063,user,0,1,map_state_2023_04_25__100614_029.ini
514,2023_04_25__100616_742,user,0,1,map_state_2023_04_25__100616_710.ini
515,2023_04_25__100626_994,user,0,1,map_state_2023_04_25__100626_975.ini
516,2023_04_25__100726_718,user,2,0,C:\Users\vd_sa\Documents\KuLeuven\Master\thesis\Navigation\marvelmind_SW_2022_11_19\01_Common_Indoor_positioning_SW\Dashboard\windows\dashboard\maps\map_2023_04_25__1005_autosave.ini
517,2023_04_25__100812_997,user,2,0,C:\Users\vd_sa\Documents\KuLeuven\Master\thesis\Navigation\marvelmind_SW_2022_11_19\01_Common_Indoor_positioning_SW\Dashboard\windows\dashboard\maps\map_2023_04_25__1006_autosave.ini
518,2023_04_25__100854_705,user,2,0,C:\Users\vd_sa\Documents\KuLeuven\Master\thesis\Navigation\marvelmind_SW_2022_11_19\01_Common_Indoor_positioning_SW\Dashboard\windows\dashboard\maps\map_2023_04_25__1002_autosave.ini
519,2023_04_25__101020_369,user,0,1,map_state_2023_04_25__101020_346.ini
520,2023_04_25__101041_814,user,0,1,map_state_2023_04_25__101041_804.ini
521,2023_04_25__101043_244,user,0,1,map_state_2023_04_25__101043_235.ini
522,2023_04_25__101138_413,user,0,1,map_state_2023_04_25__101138_393.ini
523,2023_04_25__101219_781,user,0,1,map_state_2023_04_25__101219_771.ini
524,2023_05_02__102443_568,user,0,1,map_state_2023_05_02__102443_560.ini
525,2023_05_02__102553_769,user,2,0,C:\Users\vd_sa\Documents\KuLeuven\Master\thesis\Navigation\marvelmind_SW_2022_11_19\01_Common_Indoor_positioning_SW\Dashboard\windows\dashboard\maps\map_2023_04_27__1410_autosave.ini
526,2023_05_02__102921_243,user,0,1,map_state_2023_05_02__102921_216.ini
527,2023_05_02__103020_448,user,0,1,map_state_2023_05_02__103020_429.ini
528,2023_05_02__103121_465,user,0,1,map_state_2023_05_02__103121_448.ini
529,2023_05_02__103125_276,user,0,1,map_state_2023_05_02__103125_261.ini
530,2023_05_02__103128_871,user,0,1,map_state_2023_05_02__103128_863.ini
531,2023_05_02__103132_654,user,0,1,map_state_2023_05_02__103132_647.ini
532,2023_05_02__103137_938,user,0,1,map_state_2023_05_02__103137_911.ini
533,2023_05_02__103137_984,user,0,1,map_state_2023_05_02__103137_958.ini
534,2023_05_02__103448_315,user,2,0,C:\Users\vd_sa\Documents\KuLeuven\Master\thesis\Navigation\marvelmind_SW_2022_11_19\01_Common_Indoor_positioning_SW\Dashboard\windows\dashboard\maps\map_2023_04_27__1410_autosave.ini
535,2023_05_02__103804_539,user,0,1,map_state_2023_05_02__103804_530.ini
536,2023_05_02__103859_368,user,0,1,map_state_2023_05_02__103859_354.ini
537,2023_05_02__103902_292,user,0,1,map_state_2023_05_02__103902_275.ini
538,2023_05_02__103925_500,user,0,1,map_state_2023_05_02__103925_488.ini
539,2023_05_02__103928_475,user,0,1,map_state_2023_05_02__103928_459.ini
540,2023_05_02__104038_195,user,0,1,map_state_2023_05_02__104038_176.ini
541,2023_05_02__104047_138,user,0,1,map_state_2023_05_02__104047_122.ini
542,2023_05_02__104052_445,user,0,1,map_state_2023_05_02__104052_436.ini
543,2023_05_02__104057_194,user,0,1,map_state_2023_05_02__104057_185.ini
544,2023_05_02__104101_320,user,0,1,map_state_2023_05_02__104101_313.ini
545,2023_05_02__104139_545,user,0,1,map_state_2023_05_02__104139_529.ini
546,2023_05_02__104142_075,user,0,1,map_state_2023_05_02__104142_058.ini
547,2023_05_02__104339_377,user,0,1,map_state_2023_05_02__104339_346.ini
548,2023_05_02__104400_609,user,0,1,map_state_2023_05_02__104400_592.ini
549,2023_05_02__104406_392,user,0,1,map_state_2023_05_02__104406_374.ini
550,2023_05_02__104558_319,user,0,1,map_state_2023_05_02__104558_303.ini
551,2023_05_02__104600_891,user,0,1,map_state_2023_05_02__104600_871.ini
552,2023_05_02__104604_077,user,0,1,map_state_2023_05_02__104604_058.ini
553,2023_05_02__104609_058,user,0,1,map_state_2023_05_02__104609_050.ini
554,2023_05_02__104619_254,user,0,1,map_state_2023_05_02__104619_236.ini
555,2023_05_02__104619_283,user,0,1,map_state_2023_05_02__104619_268.ini
556,2023_05_02__104629_116,user,0,1,map_state_2023_05_02__104629_095.ini
557,2023_05_02__104629_152,user,0,1,map_state_2023_05_02__104629_134.ini
558,2023_05_02__104630_201,user,0,1,map_state_2023_05_02__104630_189.ini
559,2023_05_02__104632_453,user,0,1,map_state_2023_05_02__104632_434.ini
560,2023_05_02__104633_781,user,0,1,map_state_2023_05_02__104633_763.ini
561,2023_05_02__104635_135,user,0,1,map_state_2023_05_02__104635_113.ini
562,2023_05_02__104638_520,user,0,1,map_state_2023_05_02__104638_502.ini
563,2023_05_02__104638_559,user,0,1,map_state_2023_05_02__104638_539.ini
564,2023_05_02__104639_858,user,0,1,map_state_2023_05_02__104639_852.ini
565,2023_05_02__104639_871,user,0,1,map_state_2023_05_02__104639_864.ini
566,2023_05_02__104641_976,user,0,1,map_state_2023_05_02__104641_958.ini
567,2023_05_02__104643_610,user,0,1,map_state_2023_05_02__104643_599.ini
568,2023_05_02__104646_901,user,0,1,map_state_2023_05_02__104646_880.ini
569,2023_05_02__104735_066,user,0,1,map_state_2023_05_02__104735_047.ini
570,2023_05_02__104743_610,user,0,1,map_state_2023_05_02__104743_603.ini
571,2023_05_02__104910_344,user,0,1,map_state_2023_05_02__104910_317.ini
572,2023_05_02__104911_021,user,1,0,
573,2023_05_02__105253_094,user,0,1,map_state_2023_05_02__105253_086.ini
574,2023_05_02__105551_480,user,0,1,map_state_2023_05_02__105551_464.ini
575,2023_05_02__105552_378,user,1,0,
576,2023_05_02__105620_449,user,0,1,map_state_2023_05_02__105620_431.ini
577,2023_05_02__105733_964,user,0,1,map_state_2023_05_02__105733_945.ini
578,2023_05_02__105744_179,user,0,1,map_state_2023_05_02__105744_159.ini
579,2023_05_02__110303_007,user,0,1,map_state_2023_05_02__110302_979.ini
580,2023_05_02__110306_109,user,0,1,map_state_2023_05_02__110306_086.ini
581,2023_05_02__110332_615,user,0,1,map_state_2023_05_02__110332_590.ini
582,2023_05_02__110409_481,user,0,1,map_state_2023_05_02__110409_474.ini
583,2023_05_02__110528_076,user,0,1,map_state_2023_05_02__110528_053.ini
584,2023_05_02__110531_484,user,0,1,map_state_2023_05_02__110531_456.ini
585,2023_05_02__110713_710,user,0,1,map_state_2023_05_02__110713_685.ini
586,2023_05_02__110714_613,user,1,0,
587,2023_05_02__110753_672,user,0,1,map_state_2023_05_02__110753_661.ini
588,2023_05_02__110801_991,user,0,1,map_state_2023_05_02__110801_972.ini
589,2023_05_02__110806_037,user,0,1,map_state_2023_05_02__110806_019.ini
590,2023_05_02__110809_550,user,0,1,map_state_2023_05_02__110809_521.ini
591,2023_05_02__110811_876,user,0,1,map_state_2023_05_02__110811_854.ini
592,2023_05_02__110816_715,user,0,1,map_state_2023_05_02__110816_694.ini
593,2023_05_02__110820_041,user,0,1,map_state_2023_05_02__110820_023.ini
594,2023_05_02__110823_092,user,0,1,map_state_2023_05_02__110823_079.ini
595,2023_05_02__110825_957,user,0,1,map_state_2023_05_02__110825_924.ini
596,2023_05_02__110829_439,user,0,1,map_state_2023_05_02__110829_426.ini
597,2023_05_02__110832_632,user,0,1,map_state_2023_05_02__110832_595.ini
598,2023_05_02__110835_778,user,0,1,map_state_2023_05_02__110835_767.ini
599,2023_05_02__110850_746,user,0,1,map_state_2023_05_02__110850_724.ini
600,2023_05_02__110854_162,user,0,1,map_state_2023_05_02__110854_149.ini
601,2023_05_02__110857_661,user,0,1,map_state_2023_05_02__110857_644.ini
602,2023_05_02__110902_586,user,0,1,map_state_2023_05_02__110902_565.ini
603,2023_05_02__110911_229,user,0,1,map_state_2023_05_02__110911_210.ini
604,2023_05_02__110915_477,user,0,1,map_state_2023_05_02__110915_470.ini
605,2023_05_02__110932_257,user,0,1,map_state_2023_05_02__110932_249.ini
606,2023_05_02__110932_270,user,0,1,map_state_2023_05_02__110932_264.ini
607,2023_05_02__110936_211,user,0,1,map_state_2023_05_02__110936_184.ini
608,2023_05_02__110936_250,user,0,1,map_state_2023_05_02__110936_229.ini
609,2023_05_02__110938_504,user,0,1,map_state_2023_05_02__110938_485.ini
610,2023_05_02__110938_539,user,0,1,map_state_2023_05_02__110938_518.ini
611,2023_05_02__110938_600,user,0,1,map_state_2023_05_02__110938_586.ini
612,2023_05_02__110941_343,user,0,1,map_state_2023_05_02__110941_316.ini
613,2023_05_02__110941_374,user,0,1,map_state_2023_05_02__110941_358.ini
614,2023_05_02__110942_762,user,0,1,map_state_2023_05_02__110942_744.ini
615,2023_05_02__110942_796,user,0,1,map_state_2023_05_02__110942_776.ini
616,2023_05_02__110945_060,user,0,1,map_state_2023_05_02__110945_042.ini
617,2023_05_02__110945_094,user,0,1,map_state_2023_05_02__110945_075.ini
618,2023_05_02__110945_157,user,0,1,map_state_2023_05_02__110945_147.ini
619,2023_05_02__110946_374,user,0,1,map_state_2023_05_02__110946_352.ini
620,2023_05_02__110946_413,user,0,1,map_state_2023_05_02__110946_392.ini
621,2023_05_02__110950_829,user,0,1,map_state_2023_05_02__110950_813.ini
622,2023_05_02__110954_666,user,0,1,map_state_2023_05_02__110954_650.ini
623,2023_05_02__110957_848,user,0,1,map_state_2023_05_02__110957_832.ini
624,2023_05_02__111001_756,user,0,1,map_state_2023_05_02__111001_738.ini
625,2023_05_02__111008_864,user,0,1,map_state_2023_05_02__111008_845.ini
626,2023_05_02__111014_560,user,0,1,map_state_2023_05_02__111014_538.ini
627,2023_05_02__111019_694,user,0,1,map_state_2023_05_02__111019_675.ini
628,2023_05_02__111026_258,user,0,1,map_state_2023_05_02__111026_235.ini
629,2023_05_02__111031_006,user,0,1,map_state_2023_05_02__111030_984.ini
630,2023_05_02__111035_996,user,0,1,map_state_2023_05_02__111035_974.ini
631,2023_05_02__111042_444,user,0,1,map_state_2023_05_02__111042_424.ini
632,2023_05_02__111048_892,user,0,1,map_state_2023_05_02__111048_877.ini
633,2023_05_02__111052_505,user,0,1,map_state_2023_05_02__111052_487.ini
634,2023_05_02__111058_857,user,0,1,map_state_2023_05_02__111058_840.ini
635,2023_05_02__111109_577,user,0,1,map_state_2023_05_02__111109_554.ini
636,2023_05_02__111111_985,user,0,1,map_state_2023_05_02__111111_955.ini
637,2023_05_02__111117_014,user,0,1,map_state_2023_05_02__111116_986.ini
638,2023_05_02__111118_429,user,0,1,map_state_2023_05_02__111118_409.ini
639,2023_05_02__111119_850,user,0,1,map_state_2023_05_02__111119_831.ini
640,2023_05_02__111121_386,user,0,1,map_state_2023_05_02__111121_361.ini
641,2023_05_02__111128_827,user,0,1,map_state_2023_05_02__111128_800.ini
642,2023_05_02__111142_338,user,1,0,
643,2023_05_02__111218_914,user,0,1,map_state_2023_05_02__111218_894.ini
644,2023_05_02__111225_036,user,1,0,
645,2023_05_02__112248_364,user,0,1,map_state_2023_05_02__112248_330.ini
646,2023_05_02__112248_442,user,0,1,map_state_2023_05_02__112248_429.ini
647,2023_05_02__112252_520,user,0,1,map_state_2023_05_02__112252_482.ini
648,2023_05_09__101036_989,user,0,1,map_state_2023_05_09__101036_967.ini
649,2023_05_09__101045_543,user,0,1,map_state_2023_05_09__101045_533.ini
650,2023_05_09__101048_513,user,0,1,map_state_2023_05_09__101048_497.ini
651,2023_05_09__101103_379,user,0,1,map_state_2023_05_09__101103_370.ini
652,2023_05_09__101108_860,user,0,1,map_state_2023_05_09__101108_846.ini
653,2023_05_09__101114_413,user,0,1,map_state_2023_05_09__101114_404.ini
654,2023_05_09__101119_752,user,0,1,map_state_2023_05_09__101119_725.ini
655,2023_05_09__101121_429,user,0,1,map_state_2023_05_09__101121_418.ini
656,2023_05_09__101123_268,user,0,1,map_state_2023_05_09__101123_259.ini
657,2023_05_09__101133_681,user,0,1,map_state_2023_05_09__101133_672.ini
658,2023_05_09__101136_361,user,0,1,map_state_2023_05_09__101136_351.ini
659,2023_05_09__101141_603,user,0,1,map_state_2023_05_09__101141_593.ini
660,2023_05_09__101144_337,user,0,1,map_state_2023_05_09__101144_313.ini
661,2023_05_09__101922_724,user,0,1,map_state_2023_05_09__101922_696.ini
662,2023_05_09__101928_431,user,0,1,map_state_2023_05_09__101928_411.ini
663,2023_05_09__101930_204,user,0,1,map_state_2023_05_09__101930_174.ini
664,2023_05_09__101933_604,user,0,1,map_state_2023_05_09__101933_594.ini
665,2023_05_09__101959_568,user,0,1,map_state_2023_05_09__101959_539.ini
666,2023_05_09__102011_798,user,0,1,map_state_2023_05_09__102011_777.ini
667,2023_05_09__102016_312,user,0,1,map_state_2023_05_09__102016_282.ini
668,2023_05_09__102022_320,user,0,1,map_state_2023_05_09__102022_305.ini
669,2023_05_09__102035_427,user,0,1,map_state_2023_05_09__102035_397.ini
670,2023_05_09__102038_595,user,0,1,map_state_2023_05_09__102038_572.ini
671,2023_05_09__102040_181,user,0,1,map_state_2023_05_09__102040_150.ini
672,2023_05_09__102042_703,user,0,1,map_state_2023_05_09__102042_692.ini
673,2023_05_09__102158_324,user,0,1,map_state_2023_05_09__102158_301.ini
674,2023_05_09__102159_473,user,0,1,map_state_2023_05_09__102159_448.ini
675,2023_05_09__102201_061,user,0,1,map_state_2023_05_09__102201_041.ini
676,2023_05_09__102203_326,user,0,1,map_state_2023_05_09__102203_301.ini
677,2023_05_09__102204_990,user,0,1,map_state_2023_05_09__102204_968.ini
678,2023_05_09__102205_988,user,0,1,map_state_2023_05_09__102205_978.ini
679,2023_05_09__102211_227,user,0,1,map_state_2023_05_09__102211_204.ini
680,2023_05_09__102212_378,user,0,1,map_state_2023_05_09__102212_351.ini
681,2023_05_09__102214_189,user,0,1,map_state_2023_05_09__102214_162.ini
682,2023_05_09__102215_968,user,0,1,map_state_2023_05_09__102215_946.ini
683,2023_05_09__102547_124,user,0,1,map_state_2023_05_09__102547_108.ini
684,2023_05_09__102550_259,user,0,1,map_state_2023_05_09__102550_236.ini
685,2023_05_09__102658_819,user,1,0,
686,2023_05_12__104950_824,user,0,1,map_state_2023_05_12__104950_817.ini
687,2023_05_12__104953_255,user,0,1,map_state_2023_05_12__104953_249.ini
688,2023_05_12__105417_894,user,2,0,C:\Users\vd_sa\Documents\KuLeuven\Master\thesis\Navigation\marvelmind_SW_2022_11_19\01_Common_Indoor_positioning_SW\Dashboard\windows\dashboard\maps\DEZE_MISSCHIEN_GOED.ini
689,2023_05_12__105456_395,user,2,0,C:\Users\vd_sa\Documents\KuLeuven\Master\thesis\Navigation\marvelmind_SW_2022_11_19\01_Common_Indoor_positioning_SW\Dashboard\windows\dashboard\maps\09_05_2023.ini
690,2023_05_12__105634_394,user,2,0,C:\Users\vd_sa\Documents\KuLeuven\Master\thesis\Navigation\marvelmind_SW_2022_11_19\01_Common_Indoor_positioning_SW\Dashboard\windows\dashboard\maps\map_2023_05_09__1026_autosave.ini
691,2023_05_12__105643_555,user,1,0,
